generic feature	Bootstrap_0 Avg MDI Score	Bootstrap_1 Avg MDI Score	Bootstrap_2 Avg MDI Score	Bootstrap_3 Avg MDI Score	Bootstrap_4 Avg MDI Score
generic_fileSize	0.0019102508780808436	0.0025259899324308675	0.002017965708384391	0.002109536284030774	0.0020590565153125215
generic_fileEntropy	0.0013183919084557888	0.0017256774250663937	0.0014577790232191614	0.0013301959917617796	0.0016666795593782459
