generic feature	Bootstrap_0 Avg MDI Score	Bootstrap_1 Avg MDI Score	Bootstrap_2 Avg MDI Score	Bootstrap_3 Avg MDI Score	Bootstrap_4 Avg MDI Score
generic_fileSize	0.0019550924065837643	0.002498318182800475	0.0020869161183533747	0.002137622417538313	0.0020280728980877826
generic_fileEntropy	0.001306874892700031	0.0017150715131512815	0.0014227016929299332	0.001340565823462024	0.0015810972144983456
