header feature	Avg MDI Score
header_SizeOfImage	0.0018048836867435463
header_SizeOfInitializedData	0.0013554044618172168
header_BaseOfCode	0.001346693831882243
header_BaseOfData	0.001284862854825558
header_SizeOfCode	0.0012321040982561098
header_AddressOfEntryPoint	0.0011510519926380704
header_SizeOfUninitializedData	0.000941607408703783
header_NumberOfSections	0.0009328751150286325
header_SizeOfHeaders	0.0007375061992157156
header_ImageBase	0.0006157747884146643
header_characteristics_bit7	0.00028764136897469394
header_characteristics_bit9	0.00025975134891021036
header_characteristics_bit15	0.0002582396006236084
header_characteristics_bit0	0.00021893343541480966
header_characteristics_bit3	0.00018154760713714148
header_characteristics_bit2	0.00016017162409299158
header_FileAlignment	0.00010100690104228554
header_characteristics_bit5	8.216430705515395e-05
header_SectionAlignment	4.728825166881983e-05
header_characteristics_bit4	2.2149312847603397e-06
header_characteristics_bit12	1.5775072427503703e-06
header_characteristics_bit8	1.4676155734726696e-06
header_characteristics_bit6	1.1286530449688204e-06
header_characteristics_bit10	3.697374256590103e-07
header_characteristics_bit11	1.690314780879681e-07
header_characteristics_bit1	0.0
header_SizeOfOptionalHeader	0.0
header_characteristics_bit14	0.0
header_characteristics_bit13	0.0
