generic feature	Bootstrap_0 Avg MDI Score	Bootstrap_1 Avg MDI Score	Bootstrap_2 Avg MDI Score	Bootstrap_3 Avg MDI Score	Bootstrap_4 Avg MDI Score
generic_fileSize	0.0015485871659217292	0.0025788704996282637	0.002376382840365146	0.0018932647024610832	0.0020221203743531683
generic_fileEntropy	0.0017746172913887192	0.0023489564978696775	0.0021444134286507125	0.0019099278749429183	0.0015674227615572755
