header feature	Avg MDI Score
header_SizeOfImage	0.00131209593177923
header_SizeOfInitializedData	0.0009189989441395246
header_BaseOfData	0.0008053429535171835
header_SizeOfCode	0.0007850847223815035
header_AddressOfEntryPoint	0.0007632315804422766
header_BaseOfCode	0.0007449136767134335
header_SizeOfUninitializedData	0.0005902590818084035
header_NumberOfSections	0.0003932707444566013
header_ImageBase	0.0002654328691491367
header_FileAlignment	0.00025173970868876887
header_SectionAlignment	0.00021647633259961265
header_SizeOfHeaders	0.0001503974666819445
header_characteristics_bit9	0.00010792574289053211
header_characteristics_bit6	0.00010729428147600755
header_characteristics_bit0	0.0001029182323778321
header_characteristics_bit2	6.839409463070152e-05
header_characteristics_bit8	6.371315759756517e-05
header_characteristics_bit3	6.0675146847435915e-05
header_characteristics_bit5	4.877215630973081e-05
header_characteristics_bit7	3.065520097494022e-05
header_characteristics_bit15	3.0386760238998284e-05
header_characteristics_bit12	8.661706121107116e-06
header_characteristics_bit4	5.936272360186971e-06
header_characteristics_bit10	4.294296982736186e-06
header_characteristics_bit11	4.05459553136722e-06
header_characteristics_bit13	1.909878711610086e-06
header_SizeOfOptionalHeader	3.9318845890474327e-07
header_characteristics_bit14	0.0
header_characteristics_bit1	0.0
