header feature	Avg MDI Score
header_SizeOfImage	0.0014304602156189048
header_SizeOfInitializedData	0.0010090111861386507
header_SizeOfCode	0.0009627008619559746
header_AddressOfEntryPoint	0.0009618149479706208
header_BaseOfData	0.0009578490567264932
header_BaseOfCode	0.0007194155647047644
header_SizeOfUninitializedData	0.0006072888570251761
header_NumberOfSections	0.000502841050841778
header_ImageBase	0.0004258678287193286
header_SizeOfHeaders	0.0002804708975373541
header_characteristics_bit15	0.00019230998707568385
header_characteristics_bit7	0.00017354643799876463
header_FileAlignment	0.0001662575832123008
header_characteristics_bit9	0.0001618064789593473
header_SectionAlignment	0.00014310550579716845
header_characteristics_bit3	0.00012529979468693087
header_characteristics_bit0	0.00012130148288664446
header_characteristics_bit2	0.0001109178458760912
header_characteristics_bit6	5.943327500443523e-05
header_characteristics_bit5	5.628488504287976e-05
header_characteristics_bit8	5.036491754076874e-05
header_characteristics_bit12	6.87724929626907e-06
header_characteristics_bit4	2.9995569997624343e-06
header_characteristics_bit10	2.6111302671779613e-06
header_characteristics_bit11	2.2490560326967074e-06
header_characteristics_bit13	1.8311343407608408e-06
header_SizeOfOptionalHeader	3.00327485488318e-07
header_characteristics_bit14	5.972138047709718e-08
header_characteristics_bit1	0.0
